company_name,website,source_signal_title,source_signal_url,fit_status,fit_score,contact_name,email,email_type,phone,contact_quality,recommended_first_line,outreach_angle,email_subject,email_body,ready_for_approval,missing_fields,next_action
Seokratie GmbH,https://www.seokratie.de/impressum/,Content Marketing Manager (m/w/d) - in München - Stepstone,https://www.stepstone.de/stellenangebote--Content-Marketing-Manager-m-w-d-in-Muenchen-Muenchen-Seokratie-GmbH--13922477-inline.html,target_fit,1.0,Wissen Blog SEO,kontakt@seokratie.de,generic_email,+49 89 219 09 84 11,good,"mir ist aufgefallen, dass Seokratie GmbH aktuell im Bereich Vertrieb/Marketing wächst bzw. eine passende Rolle ausgeschrieben hat (Content Marketing Manager (m/w/d) - in München - Stepstone).",sales_growth_signal,Kurze Frage zu planbaren B2B-Erstgesprächen für Seokratie GmbH,"Hallo Wissen Blog SEO,

mir ist aufgefallen, dass Sie aktuell im Bereich Vertrieb/Marketing wachsen bzw. eine passende Rolle ausgeschrieben haben (Content Marketing Manager (m/w/d) - in München - Stepstone).

Ich unterstütze B2B-Unternehmen dabei, planbar qualifizierte Erstgespräche mit passenden Geschäftskunden aufzubauen, ohne dass intern sofort ein kompletter Akquise-Apparat entstehen muss.

Wäre es sinnvoll, kurz zu prüfen, ob das für Seokratie GmbH aktuell relevant ist?",True,,approve_for_send
Blessing Marketing GmbH,,Vertriebsmitarbeiter/in im Innendienst - Vollzeit/Teilzeit (m/w/d) - Job ...,https://www.stepstone.de/stellenangebote--Vertriebsmitarbeiter-in-im-Innendienst-Vollzeit-Teilzeit-m-w-d-Munich-Blessing-Marketing-GmbH--12202728-inline.html,maybe_fit,0.5,,,,,weak,"mir ist aufgefallen, dass Blessing Marketing GmbH aktuell im Bereich Vertrieb/Marketing wächst bzw. eine passende Rolle ausgeschrieben hat (Vertriebsmitarbeiter/in im Innendienst - Vollzeit/Teilzeit (m/w/d) - Job ...).",marketing_growth_signal,Kurze Frage zu planbaren B2B-Erstgesprächen für Blessing Marketing GmbH,,False,website_verification,discard
THE MARKETER P.S.O. UG (haftungsbeschränkt),,PR / Communications Manager (m/w/d) für Kanzleimarketing - Job ...,https://www.stepstone.de/stellenangebote--PR-Communications-Manager-m-w-d-fuer-Kanzleimarketing-Munich-THE-MARKETER-P-S-O-UG-haftungsbeschraenkt--13803968-inline.html,target_fit,0.9,,,,,weak,"mir ist aufgefallen, dass THE MARKETER P.S.O. UG (haftungsbeschränkt) aktuell im Bereich Vertrieb/Marketing wächst bzw. eine passende Rolle ausgeschrieben hat (PR / Communications Manager (m/w/d) für Kanzleimarketing - Job ...).",sales_growth_signal,Kurze Frage zu planbaren B2B-Erstgesprächen für THE MARKETER P.S.O. UG (haftungsbeschränkt),,False,website,discard
